sample,name,success,precursor1,clone,precursor1_name,precursor2,clone,precursor2_name,precursor3,clone,precursor3_name
G410,pLenti-TetBxb1BFP-2A-coBxb1-2A-Blast-E2A-rtTA3,A,G384,A,,,,,,,
G411,pLenti-TetBxb1-BFP-2A-coBxb1-2A-Blast_rtTA3,A,G384,A,,A51271,,pCAG-NLS-HA-coBxb1,,,
G412,pLenti-Tet-BattP(GA)-BFP-2A-Bxb1-2A-Blast_rtTA3,A,G384,A,,,,,,,
G413,G413_BattB(GA)-EGFP-700,"A,B",R1,,attB-EGFP-700,,,,,,
G414,pCAG-NLS-HA-coBxb1-2A-mCherry,,R5,,pKan-mCherry,A51271,,pCAG-NLS-HA-coBxb1,,,
G415,pLenti-TetBxb1BFP-2A-iCasp9-2A-Blast-E2A-rtTA3,,,,,,,,,,
G416,pLenti-Tet-coBxb-2A-1BFP-2A-iCasp9-2A-Blast_rtTA3,,,,,,,,,,
G417,pLenti-Tet-BattP(GA)-BFP-2A-iCasp9-2A-Blast_rtTA3,,,,,,,,,,
G418,BattB(GA)_G273A,,,,,,,,,,
G419,BattB(GA)_G274A,,,,,,,,,,
G420,BattB(GA)_G275B,,,,,,,,,,
G421,BattB(GA)_attB-mCherry,,,,,,,,,,
G422,BattB(GA)_Rim2Pur_#6,,,,,,,,,,
G423,BattB(GA)_attB-3kGiM,,,,,,,,,,
G424,attB-SOKM_iM2P,,A20325,,FUW-SOKM,G274,A,,,,
G425,attB-C5_iM2P,,A28213,,pEB-C5,G274,A,,,,
G426,attB-DBP-2A-AdPol-2A-PTP,,A16400,,AdEasy1,G274,A,,,,
G427,pKan_N-mNeGrn-C-GyrAintein,,,,,,,,,,
G428,pKan_N-GyrAintein-C-mNeGrn,,,,,,,,,,
G429,pKan_N-CfaIntein-N-mNeGrn,C,,,,,,,,,
G430,pKan_N-mNeGrn-C-CfaIntein,,,,,,,,,,
G431,attB_piRFP-2A-Tyrosinase,"A,B",,,,,,,,,
G432,attB-VP35-2A-VP30-2A-NP_iM2P,,,,,,,,,,
G433,pLenti-TetBxb1(GA)-bGFP-iCasp9-2A-Blast,,,,,,,,,,
G434,attB_EboV_iM2P,,R6,,pCAGGS-L-EboV,G274,A,,,,
G435,attB_EboV_iM2B,,R6,,pCAGGS-L-EboV,G275,B,,,,
G436,attB_attP(GA)_EGFP,,R1,,attB_EGFP,,,,,,
G437,BattB(GA)_attP_coBxb1-2A-BFP-2A-iCasp9-2A-Blast,,G416,E,,G413,A,,,,
G438,pKan_N-mNeGrn-C-CfaIntein,,KAM2399,,,R4,,pKan-mNeonGreen,,,
G439,attB_NP-iM2H,,R7,,EboV-NP,G273,A,,,,
G440,attB_VP35-2A-VP30-iM2P,,R8,,EboV-VP35,R9,,EboV-VP30,G274,A,
G441,attB_AdPol-2A-DBP-iM2H,,A16400,,AdEasy1,A16400,,AdEasy1,G273,A,
G442,attB_PTP-iM2H,,A16400,,AdEasy1,G274,A,,,,
G443,pLenti-Tet-LargeT-2A-BFP-2A-iCasp9-2A-Blast_rtTA3,,,,,,,,,,
G444,pLenti-Tet-E7-2A-BFP-2A-iCasp9-2A-Blast_rtTA3,,,,,,,,,,
G445,pLenti-Tet-E7-2A-BFP-2A-iCasp9-2A-Blast_rtTA3,,,,,,,,,,
G446,miRFP670-iCasp9 GA landing pad,A,,,,,,,,,
G447,attP(GA)_G416E,,G416,E,,,,,,,
G448,attB(GA)_NP-iM2H,C,G439,,,,,,,,
G449,attB(GA)_VP35-2A-VP30-iM2P,B,G440,,,,,,,,
G450,attB(GA)_AdPol-2A-DBP-iM2H,,G441,C,attB_AdPol-2A-DBP-iM2H,,,,,,
G451,attB(GA)_AdPol-2A-DBP-iM2H,,G441,C,attB_AdPol-2A-DBP-iM2H,,,,,,
G452,attB(GA)_PTP-iM2H,,G442,D,attB_PTP-iM2H,,,,,,
G453,pLenti-Tet-EboV-L_Puro,,G390,A,G390A,,,,,,
G454,pLenti-Tet-EboV-L-2A-Puro,,G390,A,G390A,,,,,,
G455,pLenti-Gal4UAS-BattP(GA)-mCherry-Gal4ERT2VP16_Puro,,G143,A,G143A,,,,,,
G456,pAdTrack-CMV-EGFPsnglstop,,A16405,,pAdTrack-CMV-EGFP,,,,,,
G457,pAdTrack-CMV-EGFPdblstop,,A16405,,pAdTrack-CMV-EGFP,,,,,,
G458,pCAGGS_3E5E_EGFPdblstop,,A103054,,pCAGGS_3E5E_EGFP,,,,,,
G459,attB_AdPol-2A-DBP-iM2H_F421Y,,G441,,attB_AdPol-2A-DBP-iM2H,,,,,,
G460,attB_AdPol-2A-DBP-iM2H_D827A,,G441,,attB_AdPol-2A-DBP-iM2H,,,,,,
G461,attB(GA)_AdPol-2A-DBP-iM2H_F421Y,,G451,,attB(GA)_AdPol-2A-DBP-iM2H,,,,,,
G462,attB(GA)_AdPol-2A-DBP-iM2H_D827A,,G451,,attB(GA)_AdPol-2A-DBP-iM2H,,,,,,
G463,attB-ZipGFP-TEVp-P2A-mCherry,,KAM2524,,attB-3kGFP-GGSG-P2A-mCherry-Bgl,,,attB-3kGFP-GGSG-P2A-mCherry-Bgl,,,
G464,attB-FlipGFP-TEVp-P2A-mCherry,D,KAM2529,,attB-3kG2M-Bgl,,,attB-3kG2M-Bgl,,,
G465,attB_riP2M_EML4-ALK_L1198F,,G391,A,attB_riP2M_EML4-ALK,,,,,,
G466,attB_riP2M_EML4-ALK_E1210K,,G391,A,attB_riP2M_EML4-ALK,,,,,,
G467,attB_riP2M_EML4-ALK_C1156Y,,G391,A,attB_riP2M_EML4-ALK,,,,,,
G468,attB_riP2M_EML4-ALK_I1171S,,G391,A,attB_riP2M_EML4-ALK,,,,,,
G469,attB_riP2M_EML4-ALK_D1203N,,G391,A,attB_riP2M_EML4-ALK,,,,,,
G470,attB_riP2M_EML4-ALK_I1171N,,G391,A,attB_riP2M_EML4-ALK,,,,,,
G471,attB_riP2M_EML4-ALK_L1196M,,G391,A,attB_riP2M_EML4-ALK,,,,,,
G472,attB_riP2M_EML4-ALK_G1202R,,G391,A,attB_riP2M_EML4-ALK,,,,,,
G473,attB_AdPol(D685A)-2A-DBP-iM2H,,G441,C,attB_AdPol-2A-DBP-iM2H,,,,,,
G474,attB(GA)_AdPol(D685A)-2A-DBP-iM2H,,G451,A,attB(GA)_AdPol-2A-DBP-iM2H,,,,,,
G475,Bxb1attB_PTEN-HA_IRES_mCh__R130P,,R10,,Bxb1attB_PTEN-HA_IRES_mCh,,,,,,
G476,Bxb1attB_PTEN-HA_IRES_mCh__﻿D92H,,R10,,Bxb1attB_PTEN-HA_IRES_mCh,,,,,,
G477,Bxb1attB_PTEN-HA_IRES_mCh__D24G,,R10,,Bxb1attB_PTEN-HA_IRES_mCh,,,,,,
G478,Bxb1attB_PTEN-HA_IRES_mCh__R159S,,R10,,Bxb1attB_PTEN-HA_IRES_mCh,,,,,,
G479,Bxb1attB_PTEN-HA_IRES_mCh__Y46D,,R10,,Bxb1attB_PTEN-HA_IRES_mCh,,,,,,
G480,Bxb1attB_PTEN-HA_IRES_mCh__Y16S,,R10,,Bxb1attB_PTEN-HA_IRES_mCh,,,,,,
G481,Bxb1attB_PTEN-HA_IRES_mCh__﻿T160P,,R10,,Bxb1attB_PTEN-HA_IRES_mCh,,,,,,
G482,Bxb1attB_PTEN-HA_IRES_mCh__﻿R233X,,R10,,Bxb1attB_PTEN-HA_IRES_mCh,,,,,,
G483,Rip2M_attB_EML4-ALK_WT__G1128A,,G391,A,Rip2M_attB_EML4-ALK_WT,,,,,,
G484,Rip2M_attB_EML4-ALK_WT__F1245V,,G391,A,Rip2M_attB_EML4-ALK_WT,,,,,,
G485,Rip2M_attB_EML4-ALK_WT__R1275Q,,G391,A,Rip2M_attB_EML4-ALK_WT,,,,,,
G486,Rip2M_attB_EML4-ALK_WT__V198M,,G391,A,Rip2M_attB_EML4-ALK_WT,,,,,,
G487,Rip2M_attB_EML4-ALK_WT__V476A,,G391,A,Rip2M_attB_EML4-ALK_WT,,,,,,
G488,Rip2M_attB_EML4-ALK_WT__I1461V,,G391,A,Rip2M_attB_EML4-ALK_WT,,,,,,
G489,Rip2M_attB_EML4-ALK_WT__K1491R,,G391,A,Rip2M_attB_EML4-ALK_WT,,,,,,
G490,Rip2M_attB_EML4-ALK_WT__D1529E,,G391,A,Rip2M_attB_EML4-ALK_WT,,,,,,
G491,AttB_iCasp1-IRES-mCherry-P2A-PuroR,,KAM2630,,,G274,A,,,,
G492,FlipGFP-Casp1cs-GGSGP2A-mCherry_Bgl2,,G464,D,G464D_attB-FlipGFP-TEVp-P2A-mCherry,,,,,,
G493,attB-ALK_BadKozak_ClinVar_controls__G1128A,,G376,A,attB-ALK_BadKozak,,,,,,
G494,attB-ALK_BadKozak_ClinVar_controls__F1245V,,G376,A,attB-ALK_BadKozak,,,,,,
G495,attB-ALK_BadKozak_ClinVar_controls__R1275Q,,G376,A,attB-ALK_BadKozak,,,,,,
G496,attB-ALK_BadKozak_ClinVar_controls__V198M,,G376,A,attB-ALK_BadKozak,,,,,,
G497,attB-ALK_BadKozak_ClinVar_controls__V476A,,G376,A,attB-ALK_BadKozak,,,,,,
G498,attB-ALK_BadKozak_ClinVar_controls__I1461V,,G376,A,attB-ALK_BadKozak,,,,,,
G499,attB-ALK_BadKozak_ClinVar_controls__K1491R,,G376,A,attB-ALK_BadKozak,,,,,,
G500,attB-ALK_BadKozak_ClinVar_controls__D1529E,,G376,A,attB-ALK_BadKozak,,,,,,
G501,attB-iCasp9-M2P,A,G384,A,iCasp9 from landing pad,G491,A,AttB-iCasp1-M2P,,,
G502,attB(GA)_iCasp1-IRES-mCherry-P2A-PuroR,"A,B",G491,A,attB-iCasp1-M2P,,,,,,
G503,attB(GA)_FlipGFP-Casp1cs-GGSGP2A-mCherry_Bgl2,"A,B",G492,A,attB_FlipGFP-Casp1cs-GGSGP2A-mCherry_Bgl2,,,,,,
G504,attB_CRY2hi-Casp9_iM2P,"C,D",KAM2649,,,G501,A,,,,
G505,attB_CPH1-Casp9_iM2P,"A,C",KAM2650,,,G501,A,,,,
G506,attB-ALK_BadKozak_ClinVar_VUS__D1091N,,G376,A,attB_ALK_WT_Bad Kozak,,,,,,
G507,attB-ALK_BadKozak_ClinVar_VUS__G1121D,,G376,,attB_ALK_WT_Bad Kozak,,,,,,
G508,attB-ALK_BadKozak_ClinVar_VUS__D1141N,,G376,,attB_ALK_WT_Bad Kozak,,,,,,
G509,attB-ALK_BadKozak_ClinVar_VUS__R1231Q,,G376,,attB_ALK_WT_Bad Kozak,,,,,,
G510,attB-ALK_BadKozak_ClinVar_VUS__R1248Q,,G376,,attB_ALK_WT_Bad Kozak,,,,,,
G511,attB-ALK_BadKozak_ClinVar_VUS__R1360Q,,G376,,attB_ALK_WT_Bad Kozak,,,,,,
G512,attB-ALK_BadKozak_ClinVar_VUS__A1396T,,G376,,attB_ALK_WT_Bad Kozak,,,,,,
G513,attB-ALK_BadKozak_ClinVar_VUS__P1398L,,G376,,attB_ALK_WT_Bad Kozak,,,,,,
G514,attB_NP-IRES-sfmCherry(11)-P2A-HygroR,B,KAM2663,,,G439,A,AttB_NP-IRES-mCherry-P2A-HygroR,,,
G515,attB_VP35-2A-VP30_IRES-sfmCherry(1-10)-P2A-PuroR,B,KAM2663,,,G449,B,AttB(GA)_VP35-2A-VP30_IRES-mCherry-P2A-PuroR,,,
G516,attB_VP35-2A-VP30_IRES-sfmCherry(11)-P2A-PuroR,,KAM2663,,,G449,B,AttB(GA)_VP35-2A-VP30_IRES-mCherry-P2A-PuroR,,,
G517,attB_NP-IRES-sfmCherry(1-10)-P2A-HygroR,A,KAM2663,,,G439,A,AttB_NP-IRES-mCherry-P2A-HygroR,,,
G518,Ad5-shBle,F,G270,D,,A16405,,pAdTrack-CMV-EGFP,,,
G519,Ad5-stop-shBle,,G270,D,,A16405,,pAdTrack-CMV-EGFP,,,